next_state,states,action,labels,predictions,hidden1,hidden2,output,q_target(next_state output),cost
"[[1. 0. 0. 0.]
 [1. 0. 0. 0.]
 [1. 0. 0. 0.]
 [1. 0. 0. 0.]
 [1. 0. 0. 0.]
 [1. 0. 0. 0.]
 [1. 0. 0. 0.]
 [1. 0. 0. 0.]
 [1. 0. 0. 0.]
 [1. 0. 0. 0.]]","[[0. 0. 0. 0.]
 [1. 0. 0. 0.]
 [1. 0. 0. 0.]
 [1. 0. 0. 0.]
 [1. 0. 0. 0.]
 [1. 0. 0. 0.]
 [1. 0. 0. 0.]
 [1. 0. 0. 0.]
 [1. 0. 0. 0.]
 [1. 0. 0. 0.]]","[[0 0]
 [1 0]
 [2 0]
 [3 0]
 [4 0]
 [5 0]
 [6 0]
 [7 0]
 [8 0]
 [9 0]]","[[ 1.1998627]
 [-0.8001373]
 [-0.8001373]
 [-0.8001373]
 [-0.8001373]
 [-0.8001373]
 [-0.8001373]
 [-0.8001373]
 [-0.8001373]
 [-0.8001373]]","[[0.       ]
 [0.2018815]
 [0.2018815]
 [0.2018815]
 [0.2018815]
 [0.2018815]
 [0.2018815]
 [0.2018815]
 [0.2018815]
 [0.2018815]]","[[0.         0.         0.         0.         0.         0.
  0.         0.         0.         0.         0.         0.
  0.         0.         0.         0.         0.         0.
  0.         0.        ]
 [0.47033167 0.26131773 0.48704112 0.17253053 0.4843595  0.2179501
  0.26613593 0.1874597  0.         0.         0.         0.225932
  0.03865564 0.02990437 0.         0.         0.         0.
  0.2653066  0.        ]
 [0.47033167 0.26131773 0.48704112 0.17253053 0.4843595  0.2179501
  0.26613593 0.1874597  0.         0.         0.         0.225932
  0.03865564 0.02990437 0.         0.         0.         0.
  0.2653066  0.        ]
 [0.47033167 0.26131773 0.48704112 0.17253053 0.4843595  0.2179501
  0.26613593 0.1874597  0.         0.         0.         0.225932
  0.03865564 0.02990437 0.         0.         0.         0.
  0.2653066  0.        ]
 [0.47033167 0.26131773 0.48704112 0.17253053 0.4843595  0.2179501
  0.26613593 0.1874597  0.         0.         0.         0.225932
  0.03865564 0.02990437 0.         0.         0.         0.
  0.2653066  0.        ]
 [0.47033167 0.26131773 0.48704112 0.17253053 0.4843595  0.2179501
  0.26613593 0.1874597  0.         0.         0.         0.225932
  0.03865564 0.02990437 0.         0.         0.         0.
  0.2653066  0.        ]
 [0.47033167 0.26131773 0.48704112 0.17253053 0.4843595  0.2179501
  0.26613593 0.1874597  0.         0.         0.         0.225932
  0.03865564 0.02990437 0.         0.         0.         0.
  0.2653066  0.        ]
 [0.47033167 0.26131773 0.48704112 0.17253053 0.4843595  0.2179501
  0.26613593 0.1874597  0.         0.         0.         0.225932
  0.03865564 0.02990437 0.         0.         0.         0.
  0.2653066  0.        ]
 [0.47033167 0.26131773 0.48704112 0.17253053 0.4843595  0.2179501
  0.26613593 0.1874597  0.         0.         0.         0.225932
  0.03865564 0.02990437 0.         0.         0.         0.
  0.2653066  0.        ]
 [0.47033167 0.26131773 0.48704112 0.17253053 0.4843595  0.2179501
  0.26613593 0.1874597  0.         0.         0.         0.225932
  0.03865564 0.02990437 0.         0.         0.         0.
  0.2653066  0.        ]]","[[0.         0.         0.         0.         0.         0.
  0.         0.         0.         0.         0.         0.
  0.         0.         0.         0.         0.         0.
  0.         0.        ]
 [0.07178183 0.         0.01698264 0.38788998 0.23271643 0.
  0.         0.13426708 0.12918788 0.         0.         0.12107677
  0.03240368 0.3983286  0.         0.         0.21427281 0.12663713
  0.09236535 0.28972983]
 [0.07178183 0.         0.01698264 0.38788998 0.23271643 0.
  0.         0.13426708 0.12918788 0.         0.         0.12107677
  0.03240368 0.3983286  0.         0.         0.21427281 0.12663713
  0.09236535 0.28972983]
 [0.07178183 0.         0.01698264 0.38788998 0.23271643 0.
  0.         0.13426708 0.12918788 0.         0.         0.12107677
  0.03240368 0.3983286  0.         0.         0.21427281 0.12663713
  0.09236535 0.28972983]
 [0.07178183 0.         0.01698264 0.38788998 0.23271643 0.
  0.         0.13426708 0.12918788 0.         0.         0.12107677
  0.03240368 0.3983286  0.         0.         0.21427281 0.12663713
  0.09236535 0.28972983]
 [0.07178183 0.         0.01698264 0.38788998 0.23271643 0.
  0.         0.13426708 0.12918788 0.         0.         0.12107677
  0.03240368 0.3983286  0.         0.         0.21427281 0.12663713
  0.09236535 0.28972983]
 [0.07178183 0.         0.01698264 0.38788998 0.23271643 0.
  0.         0.13426708 0.12918788 0.         0.         0.12107677
  0.03240368 0.3983286  0.         0.         0.21427281 0.12663713
  0.09236535 0.28972983]
 [0.07178183 0.         0.01698264 0.38788998 0.23271643 0.
  0.         0.13426708 0.12918788 0.         0.         0.12107677
  0.03240368 0.3983286  0.         0.         0.21427281 0.12663713
  0.09236535 0.28972983]
 [0.07178183 0.         0.01698264 0.38788998 0.23271643 0.
  0.         0.13426708 0.12918788 0.         0.         0.12107677
  0.03240368 0.3983286  0.         0.         0.21427281 0.12663713
  0.09236535 0.28972983]
 [0.07178183 0.         0.01698264 0.38788998 0.23271643 0.
  0.         0.13426708 0.12918788 0.         0.         0.12107677
  0.03240368 0.3983286  0.         0.         0.21427281 0.12663713
  0.09236535 0.28972983]]","[[ 0.          0.          0.          0.        ]
 [ 0.2018815  -0.08647198 -0.25596562 -0.2954517 ]
 [ 0.2018815  -0.08647198 -0.25596562 -0.2954517 ]
 [ 0.2018815  -0.08647198 -0.25596562 -0.2954517 ]
 [ 0.2018815  -0.08647198 -0.25596562 -0.2954517 ]
 [ 0.2018815  -0.08647198 -0.25596562 -0.2954517 ]
 [ 0.2018815  -0.08647198 -0.25596562 -0.2954517 ]
 [ 0.2018815  -0.08647198 -0.25596562 -0.2954517 ]
 [ 0.2018815  -0.08647198 -0.25596562 -0.2954517 ]
 [ 0.2018815  -0.08647198 -0.25596562 -0.2954517 ]]","[[ 0.2018815  -0.08647198 -0.25596562 -0.2954517 ]
 [ 0.2018815  -0.08647198 -0.25596562 -0.2954517 ]
 [ 0.2018815  -0.08647198 -0.25596562 -0.2954517 ]
 [ 0.2018815  -0.08647198 -0.25596562 -0.2954517 ]
 [ 0.2018815  -0.08647198 -0.25596562 -0.2954517 ]
 [ 0.2018815  -0.08647198 -0.25596562 -0.2954517 ]
 [ 0.2018815  -0.08647198 -0.25596562 -0.2954517 ]
 [ 0.2018815  -0.08647198 -0.25596562 -0.2954517 ]
 [ 0.2018815  -0.08647198 -0.25596562 -0.2954517 ]
 [ 0.2018815  -0.08647198 -0.25596562 -0.2954517 ]]",1.0476045608520508
"[[1. 0. 0. 0.]
 [1. 0. 0. 0.]
 [1. 0. 0. 0.]
 [1. 0. 0. 0.]
 [1. 0. 0. 0.]
 [1. 0. 0. 0.]
 [1. 0. 0. 0.]
 [1. 0. 0. 0.]
 [1. 0. 0. 0.]
 [1. 0. 0. 0.]]","[[1. 0. 0. 0.]
 [1. 0. 0. 0.]
 [1. 0. 0. 0.]
 [1. 0. 0. 0.]
 [1. 0. 0. 0.]
 [1. 0. 0. 0.]
 [1. 0. 0. 0.]
 [1. 0. 0. 0.]
 [1. 0. 0. 0.]
 [1. 0. 0. 0.]]","[[0 0]
 [1 0]
 [2 0]
 [3 0]
 [4 0]
 [5 0]
 [6 0]
 [7 0]
 [8 0]
 [9 0]]","[[-0.8078422]
 [-0.8078422]
 [-0.8078422]
 [-0.8078422]
 [-0.8078422]
 [-0.8078422]
 [-0.8078422]
 [-0.8078422]
 [-0.8078422]
 [-0.8078422]]","[[0.19409877]
 [0.19409877]
 [0.19409877]
 [0.19409877]
 [0.19409877]
 [0.19409877]
 [0.19409877]
 [0.19409877]
 [0.19409877]
 [0.19409877]]","[[0.47025484 0.26217782 0.48693466 0.17243758 0.48237175 0.21915314
  0.2659254  0.1866627  0.         0.         0.         0.22555467
  0.03853149 0.03017393 0.         0.         0.         0.
  0.26583052 0.        ]
 [0.47025484 0.26217782 0.48693466 0.17243758 0.48237175 0.21915314
  0.2659254  0.1866627  0.         0.         0.         0.22555467
  0.03853149 0.03017393 0.         0.         0.         0.
  0.26583052 0.        ]
 [0.47025484 0.26217782 0.48693466 0.17243758 0.48237175 0.21915314
  0.2659254  0.1866627  0.         0.         0.         0.22555467
  0.03853149 0.03017393 0.         0.         0.         0.
  0.26583052 0.        ]
 [0.47025484 0.26217782 0.48693466 0.17243758 0.48237175 0.21915314
  0.2659254  0.1866627  0.         0.         0.         0.22555467
  0.03853149 0.03017393 0.         0.         0.         0.
  0.26583052 0.        ]
 [0.47025484 0.26217782 0.48693466 0.17243758 0.48237175 0.21915314
  0.2659254  0.1866627  0.         0.         0.         0.22555467
  0.03853149 0.03017393 0.         0.         0.         0.
  0.26583052 0.        ]
 [0.47025484 0.26217782 0.48693466 0.17243758 0.48237175 0.21915314
  0.2659254  0.1866627  0.         0.         0.         0.22555467
  0.03853149 0.03017393 0.         0.         0.         0.
  0.26583052 0.        ]
 [0.47025484 0.26217782 0.48693466 0.17243758 0.48237175 0.21915314
  0.2659254  0.1866627  0.         0.         0.         0.22555467
  0.03853149 0.03017393 0.         0.         0.         0.
  0.26583052 0.        ]
 [0.47025484 0.26217782 0.48693466 0.17243758 0.48237175 0.21915314
  0.2659254  0.1866627  0.         0.         0.         0.22555467
  0.03853149 0.03017393 0.         0.         0.         0.
  0.26583052 0.        ]
 [0.47025484 0.26217782 0.48693466 0.17243758 0.48237175 0.21915314
  0.2659254  0.1866627  0.         0.         0.         0.22555467
  0.03853149 0.03017393 0.         0.         0.         0.
  0.26583052 0.        ]
 [0.47025484 0.26217782 0.48693466 0.17243758 0.48237175 0.21915314
  0.2659254  0.1866627  0.         0.         0.         0.22555467
  0.03853149 0.03017393 0.         0.         0.         0.
  0.26583052 0.        ]]","[[0.06830519 0.         0.01695855 0.3870414  0.23391436 0.
  0.         0.13448034 0.1283884  0.         0.         0.11995526
  0.03049283 0.39877915 0.         0.         0.2111435  0.1247813
  0.09124704 0.28837696]
 [0.06830519 0.         0.01695855 0.3870414  0.23391436 0.
  0.         0.13448034 0.1283884  0.         0.         0.11995526
  0.03049283 0.39877915 0.         0.         0.2111435  0.1247813
  0.09124704 0.28837696]
 [0.06830519 0.         0.01695855 0.3870414  0.23391436 0.
  0.         0.13448034 0.1283884  0.         0.         0.11995526
  0.03049283 0.39877915 0.         0.         0.2111435  0.1247813
  0.09124704 0.28837696]
 [0.06830519 0.         0.01695855 0.3870414  0.23391436 0.
  0.         0.13448034 0.1283884  0.         0.         0.11995526
  0.03049283 0.39877915 0.         0.         0.2111435  0.1247813
  0.09124704 0.28837696]
 [0.06830519 0.         0.01695855 0.3870414  0.23391436 0.
  0.         0.13448034 0.1283884  0.         0.         0.11995526
  0.03049283 0.39877915 0.         0.         0.2111435  0.1247813
  0.09124704 0.28837696]
 [0.06830519 0.         0.01695855 0.3870414  0.23391436 0.
  0.         0.13448034 0.1283884  0.         0.         0.11995526
  0.03049283 0.39877915 0.         0.         0.2111435  0.1247813
  0.09124704 0.28837696]
 [0.06830519 0.         0.01695855 0.3870414  0.23391436 0.
  0.         0.13448034 0.1283884  0.         0.         0.11995526
  0.03049283 0.39877915 0.         0.         0.2111435  0.1247813
  0.09124704 0.28837696]
 [0.06830519 0.         0.01695855 0.3870414  0.23391436 0.
  0.         0.13448034 0.1283884  0.         0.         0.11995526
  0.03049283 0.39877915 0.         0.         0.2111435  0.1247813
  0.09124704 0.28837696]
 [0.06830519 0.         0.01695855 0.3870414  0.23391436 0.
  0.         0.13448034 0.1283884  0.         0.         0.11995526
  0.03049283 0.39877915 0.         0.         0.2111435  0.1247813
  0.09124704 0.28837696]
 [0.06830519 0.         0.01695855 0.3870414  0.23391436 0.
  0.         0.13448034 0.1283884  0.         0.         0.11995526
  0.03049283 0.39877915 0.         0.         0.2111435  0.1247813
  0.09124704 0.28837696]]","[[ 0.19409877 -0.08637039 -0.25450546 -0.295065  ]
 [ 0.19409877 -0.08637039 -0.25450546 -0.295065  ]
 [ 0.19409877 -0.08637039 -0.25450546 -0.295065  ]
 [ 0.19409877 -0.08637039 -0.25450546 -0.295065  ]
 [ 0.19409877 -0.08637039 -0.25450546 -0.295065  ]
 [ 0.19409877 -0.08637039 -0.25450546 -0.295065  ]
 [ 0.19409877 -0.08637039 -0.25450546 -0.295065  ]
 [ 0.19409877 -0.08637039 -0.25450546 -0.295065  ]
 [ 0.19409877 -0.08637039 -0.25450546 -0.295065  ]
 [ 0.19409877 -0.08637039 -0.25450546 -0.295065  ]]","[[ 0.19409877 -0.08637039 -0.25450546 -0.295065  ]
 [ 0.19409877 -0.08637039 -0.25450546 -0.295065  ]
 [ 0.19409877 -0.08637039 -0.25450546 -0.295065  ]
 [ 0.19409877 -0.08637039 -0.25450546 -0.295065  ]
 [ 0.19409877 -0.08637039 -0.25450546 -0.295065  ]
 [ 0.19409877 -0.08637039 -0.25450546 -0.295065  ]
 [ 0.19409877 -0.08637039 -0.25450546 -0.295065  ]
 [ 0.19409877 -0.08637039 -0.25450546 -0.295065  ]
 [ 0.19409877 -0.08637039 -0.25450546 -0.295065  ]
 [ 0.19409877 -0.08637039 -0.25450546 -0.295065  ]]",1.0038857460021973
"[[1. 0. 0. 0.]
 [1. 0. 0. 0.]
 [1. 0. 0. 0.]
 [1. 0. 0. 0.]
 [1. 0. 0. 0.]
 [1. 0. 0. 0.]
 [1. 0. 0. 0.]
 [1. 0. 0. 0.]
 [1. 0. 0. 0.]
 [1. 0. 0. 1.]]","[[1. 0. 0. 0.]
 [1. 0. 0. 0.]
 [1. 0. 0. 0.]
 [1. 0. 0. 0.]
 [1. 0. 0. 0.]
 [1. 0. 0. 0.]
 [1. 0. 0. 0.]
 [1. 0. 0. 0.]
 [1. 0. 0. 0.]
 [1. 0. 0. 0.]]","[[0 0]
 [1 0]
 [2 0]
 [3 0]
 [4 0]
 [5 0]
 [6 0]
 [7 0]
 [8 0]
 [9 3]]","[[-0.8166471]
 [-0.8166471]
 [-0.8166471]
 [-0.8166471]
 [-0.8166471]
 [-0.8166471]
 [-0.8166471]
 [-0.8166471]
 [-0.8166471]
 [ 1.4250686]]","[[ 0.18520492]
 [ 0.18520492]
 [ 0.18520492]
 [ 0.18520492]
 [ 0.18520492]
 [ 0.18520492]
 [ 0.18520492]
 [ 0.18520492]
 [ 0.18520492]
 [-0.2946432 ]]","[[0.47017354 0.26313597 0.48682058 0.17233807 0.48016897 0.22048953
  0.26569667 0.18577954 0.         0.         0.         0.22513586
  0.0383948  0.03047397 0.         0.         0.         0.
  0.2664156  0.        ]
 [0.47017354 0.26313597 0.48682058 0.17233807 0.48016897 0.22048953
  0.26569667 0.18577954 0.         0.         0.         0.22513586
  0.0383948  0.03047397 0.         0.         0.         0.
  0.2664156  0.        ]
 [0.47017354 0.26313597 0.48682058 0.17233807 0.48016897 0.22048953
  0.26569667 0.18577954 0.         0.         0.         0.22513586
  0.0383948  0.03047397 0.         0.         0.         0.
  0.2664156  0.        ]
 [0.47017354 0.26313597 0.48682058 0.17233807 0.48016897 0.22048953
  0.26569667 0.18577954 0.         0.         0.         0.22513586
  0.0383948  0.03047397 0.         0.         0.         0.
  0.2664156  0.        ]
 [0.47017354 0.26313597 0.48682058 0.17233807 0.48016897 0.22048953
  0.26569667 0.18577954 0.         0.         0.         0.22513586
  0.0383948  0.03047397 0.         0.         0.         0.
  0.2664156  0.        ]
 [0.47017354 0.26313597 0.48682058 0.17233807 0.48016897 0.22048953
  0.26569667 0.18577954 0.         0.         0.         0.22513586
  0.0383948  0.03047397 0.         0.         0.         0.
  0.2664156  0.        ]
 [0.47017354 0.26313597 0.48682058 0.17233807 0.48016897 0.22048953
  0.26569667 0.18577954 0.         0.         0.         0.22513586
  0.0383948  0.03047397 0.         0.         0.         0.
  0.2664156  0.        ]
 [0.47017354 0.26313597 0.48682058 0.17233807 0.48016897 0.22048953
  0.26569667 0.18577954 0.         0.         0.         0.22513586
  0.0383948  0.03047397 0.         0.         0.         0.
  0.2664156  0.        ]
 [0.47017354 0.26313597 0.48682058 0.17233807 0.48016897 0.22048953
  0.26569667 0.18577954 0.         0.         0.         0.22513586
  0.0383948  0.03047397 0.         0.         0.         0.
  0.2664156  0.        ]
 [0.47017354 0.26313597 0.48682058 0.17233807 0.48016897 0.22048953
  0.26569667 0.18577954 0.         0.         0.         0.22513586
  0.0383948  0.03047397 0.         0.         0.         0.
  0.2664156  0.        ]]","[[0.06444687 0.         0.01692995 0.38610786 0.23525108 0.
  0.         0.1347193  0.12750393 0.         0.         0.11871241
  0.02837295 0.399288   0.         0.         0.20767401 0.12272318
  0.09000733 0.2868806 ]
 [0.06444687 0.         0.01692995 0.38610786 0.23525108 0.
  0.         0.1347193  0.12750393 0.         0.         0.11871241
  0.02837295 0.399288   0.         0.         0.20767401 0.12272318
  0.09000733 0.2868806 ]
 [0.06444687 0.         0.01692995 0.38610786 0.23525108 0.
  0.         0.1347193  0.12750393 0.         0.         0.11871241
  0.02837295 0.399288   0.         0.         0.20767401 0.12272318
  0.09000733 0.2868806 ]
 [0.06444687 0.         0.01692995 0.38610786 0.23525108 0.
  0.         0.1347193  0.12750393 0.         0.         0.11871241
  0.02837295 0.399288   0.         0.         0.20767401 0.12272318
  0.09000733 0.2868806 ]
 [0.06444687 0.         0.01692995 0.38610786 0.23525108 0.
  0.         0.1347193  0.12750393 0.         0.         0.11871241
  0.02837295 0.399288   0.         0.         0.20767401 0.12272318
  0.09000733 0.2868806 ]
 [0.06444687 0.         0.01692995 0.38610786 0.23525108 0.
  0.         0.1347193  0.12750393 0.         0.         0.11871241
  0.02837295 0.399288   0.         0.         0.20767401 0.12272318
  0.09000733 0.2868806 ]
 [0.06444687 0.         0.01692995 0.38610786 0.23525108 0.
  0.         0.1347193  0.12750393 0.         0.         0.11871241
  0.02837295 0.399288   0.         0.         0.20767401 0.12272318
  0.09000733 0.2868806 ]
 [0.06444687 0.         0.01692995 0.38610786 0.23525108 0.
  0.         0.1347193  0.12750393 0.         0.         0.11871241
  0.02837295 0.399288   0.         0.         0.20767401 0.12272318
  0.09000733 0.2868806 ]
 [0.06444687 0.         0.01692995 0.38610786 0.23525108 0.
  0.         0.1347193  0.12750393 0.         0.         0.11871241
  0.02837295 0.399288   0.         0.         0.20767401 0.12272318
  0.09000733 0.2868806 ]
 [0.06444687 0.         0.01692995 0.38610786 0.23525108 0.
  0.         0.1347193  0.12750393 0.         0.         0.11871241
  0.02837295 0.399288   0.         0.         0.20767401 0.12272318
  0.09000733 0.2868806 ]]","[[ 0.18520492 -0.08625936 -0.25288922 -0.2946432 ]
 [ 0.18520492 -0.08625936 -0.25288922 -0.2946432 ]
 [ 0.18520492 -0.08625936 -0.25288922 -0.2946432 ]
 [ 0.18520492 -0.08625936 -0.25288922 -0.2946432 ]
 [ 0.18520492 -0.08625936 -0.25288922 -0.2946432 ]
 [ 0.18520492 -0.08625936 -0.25288922 -0.2946432 ]
 [ 0.18520492 -0.08625936 -0.25288922 -0.2946432 ]
 [ 0.18520492 -0.08625936 -0.25288922 -0.2946432 ]
 [ 0.18520492 -0.08625936 -0.25288922 -0.2946432 ]
 [ 0.18520492 -0.08625936 -0.25288922 -0.2946432 ]]","[[ 0.18520492 -0.08625936 -0.25288922 -0.2946432 ]
 [ 0.18520492 -0.08625936 -0.25288922 -0.2946432 ]
 [ 0.18520492 -0.08625936 -0.25288922 -0.2946432 ]
 [ 0.18520492 -0.08625936 -0.25288922 -0.2946432 ]
 [ 0.18520492 -0.08625936 -0.25288922 -0.2946432 ]
 [ 0.18520492 -0.08625936 -0.25288922 -0.2946432 ]
 [ 0.18520492 -0.08625936 -0.25288922 -0.2946432 ]
 [ 0.18520492 -0.08625936 -0.25288922 -0.2946432 ]
 [ 0.18520492 -0.08625936 -0.25288922 -0.2946432 ]
 [ 0.4293622   0.2903899  -0.3467854  -0.3383576 ]]",1.1990776062011719
"[[1. 0. 0. 1.]
 [1. 0. 0. 1.]
 [1. 0. 0. 1.]
 [1. 0. 0. 1.]
 [1. 0. 0. 1.]
 [1. 0. 0. 1.]
 [1. 0. 0. 1.]
 [1. 0. 0. 1.]
 [1. 0. 0. 1.]
 [1. 0. 0. 1.]]","[[1. 0. 0. 1.]
 [1. 0. 0. 1.]
 [1. 0. 0. 1.]
 [1. 0. 0. 1.]
 [1. 0. 0. 1.]
 [1. 0. 0. 1.]
 [1. 0. 0. 1.]
 [1. 0. 0. 1.]
 [1. 0. 0. 1.]
 [1. 0. 0. 1.]]","[[0 0]
 [1 0]
 [2 0]
 [3 0]
 [4 0]
 [5 0]
 [6 0]
 [7 0]
 [8 0]
 [9 0]]","[[-0.5830645]
 [-0.5830645]
 [-0.5830645]
 [-0.5830645]
 [-0.5830645]
 [-0.5830645]
 [-0.5830645]
 [-0.5830645]
 [-0.5830645]
 [-0.5830645]]","[[0.42114696]
 [0.42114696]
 [0.42114696]
 [0.42114696]
 [0.42114696]
 [0.42114696]
 [0.42114696]
 [0.42114696]
 [0.42114696]
 [0.42114696]]","[[0.498315   0.47296184 0.26912314 0.6715375  0.932052   0.
  0.055166   0.09296474 0.3244146  0.         0.         0.22059739
  0.11945298 0.50859296 0.         0.         0.16787887 0.
  0.45859447 0.        ]
 [0.498315   0.47296184 0.26912314 0.6715375  0.932052   0.
  0.055166   0.09296474 0.3244146  0.         0.         0.22059739
  0.11945298 0.50859296 0.         0.         0.16787887 0.
  0.45859447 0.        ]
 [0.498315   0.47296184 0.26912314 0.6715375  0.932052   0.
  0.055166   0.09296474 0.3244146  0.         0.         0.22059739
  0.11945298 0.50859296 0.         0.         0.16787887 0.
  0.45859447 0.        ]
 [0.498315   0.47296184 0.26912314 0.6715375  0.932052   0.
  0.055166   0.09296474 0.3244146  0.         0.         0.22059739
  0.11945298 0.50859296 0.         0.         0.16787887 0.
  0.45859447 0.        ]
 [0.498315   0.47296184 0.26912314 0.6715375  0.932052   0.
  0.055166   0.09296474 0.3244146  0.         0.         0.22059739
  0.11945298 0.50859296 0.         0.         0.16787887 0.
  0.45859447 0.        ]
 [0.498315   0.47296184 0.26912314 0.6715375  0.932052   0.
  0.055166   0.09296474 0.3244146  0.         0.         0.22059739
  0.11945298 0.50859296 0.         0.         0.16787887 0.
  0.45859447 0.        ]
 [0.498315   0.47296184 0.26912314 0.6715375  0.932052   0.
  0.055166   0.09296474 0.3244146  0.         0.         0.22059739
  0.11945298 0.50859296 0.         0.         0.16787887 0.
  0.45859447 0.        ]
 [0.498315   0.47296184 0.26912314 0.6715375  0.932052   0.
  0.055166   0.09296474 0.3244146  0.         0.         0.22059739
  0.11945298 0.50859296 0.         0.         0.16787887 0.
  0.45859447 0.        ]
 [0.498315   0.47296184 0.26912314 0.6715375  0.932052   0.
  0.055166   0.09296474 0.3244146  0.         0.         0.22059739
  0.11945298 0.50859296 0.         0.         0.16787887 0.
  0.45859447 0.        ]
 [0.498315   0.47296184 0.26912314 0.6715375  0.932052   0.
  0.055166   0.09296474 0.3244146  0.         0.         0.22059739
  0.11945298 0.50859296 0.         0.         0.16787887 0.
  0.45859447 0.        ]]","[[0.39230636 0.09868124 0.         0.58608645 0.48844635 0.
  0.         0.         0.25588396 0.         0.         0.24925599
  0.10421146 0.6458389  0.         0.         0.1056297  0.18891393
  0.68766546 0.33178526]
 [0.39230636 0.09868124 0.         0.58608645 0.48844635 0.
  0.         0.         0.25588396 0.         0.         0.24925599
  0.10421146 0.6458389  0.         0.         0.1056297  0.18891393
  0.68766546 0.33178526]
 [0.39230636 0.09868124 0.         0.58608645 0.48844635 0.
  0.         0.         0.25588396 0.         0.         0.24925599
  0.10421146 0.6458389  0.         0.         0.1056297  0.18891393
  0.68766546 0.33178526]
 [0.39230636 0.09868124 0.         0.58608645 0.48844635 0.
  0.         0.         0.25588396 0.         0.         0.24925599
  0.10421146 0.6458389  0.         0.         0.1056297  0.18891393
  0.68766546 0.33178526]
 [0.39230636 0.09868124 0.         0.58608645 0.48844635 0.
  0.         0.         0.25588396 0.         0.         0.24925599
  0.10421146 0.6458389  0.         0.         0.1056297  0.18891393
  0.68766546 0.33178526]
 [0.39230636 0.09868124 0.         0.58608645 0.48844635 0.
  0.         0.         0.25588396 0.         0.         0.24925599
  0.10421146 0.6458389  0.         0.         0.1056297  0.18891393
  0.68766546 0.33178526]
 [0.39230636 0.09868124 0.         0.58608645 0.48844635 0.
  0.         0.         0.25588396 0.         0.         0.24925599
  0.10421146 0.6458389  0.         0.         0.1056297  0.18891393
  0.68766546 0.33178526]
 [0.39230636 0.09868124 0.         0.58608645 0.48844635 0.
  0.         0.         0.25588396 0.         0.         0.24925599
  0.10421146 0.6458389  0.         0.         0.1056297  0.18891393
  0.68766546 0.33178526]
 [0.39230636 0.09868124 0.         0.58608645 0.48844635 0.
  0.         0.         0.25588396 0.         0.         0.24925599
  0.10421146 0.6458389  0.         0.         0.1056297  0.18891393
  0.68766546 0.33178526]
 [0.39230636 0.09868124 0.         0.58608645 0.48844635 0.
  0.         0.         0.25588396 0.         0.         0.24925599
  0.10421146 0.6458389  0.         0.         0.1056297  0.18891393
  0.68766546 0.33178526]]","[[ 0.42114696  0.29131207 -0.3450161  -0.3366657 ]
 [ 0.42114696  0.29131207 -0.3450161  -0.3366657 ]
 [ 0.42114696  0.29131207 -0.3450161  -0.3366657 ]
 [ 0.42114696  0.29131207 -0.3450161  -0.3366657 ]
 [ 0.42114696  0.29131207 -0.3450161  -0.3366657 ]
 [ 0.42114696  0.29131207 -0.3450161  -0.3366657 ]
 [ 0.42114696  0.29131207 -0.3450161  -0.3366657 ]
 [ 0.42114696  0.29131207 -0.3450161  -0.3366657 ]
 [ 0.42114696  0.29131207 -0.3450161  -0.3366657 ]
 [ 0.42114696  0.29131207 -0.3450161  -0.3366657 ]]","[[ 0.42114696  0.29131207 -0.3450161  -0.3366657 ]
 [ 0.42114696  0.29131207 -0.3450161  -0.3366657 ]
 [ 0.42114696  0.29131207 -0.3450161  -0.3366657 ]
 [ 0.42114696  0.29131207 -0.3450161  -0.3366657 ]
 [ 0.42114696  0.29131207 -0.3450161  -0.3366657 ]
 [ 0.42114696  0.29131207 -0.3450161  -0.3366657 ]
 [ 0.42114696  0.29131207 -0.3450161  -0.3366657 ]
 [ 0.42114696  0.29131207 -0.3450161  -0.3366657 ]
 [ 0.42114696  0.29131207 -0.3450161  -0.3366657 ]
 [ 0.42114696  0.29131207 -0.3450161  -0.3366657 ]]",1.008440613746643
"[[1. 0. 0. 1.]
 [1. 0. 0. 1.]
 [1. 0. 0. 1.]
 [1. 0. 0. 1.]
 [1. 0. 0. 1.]
 [1. 0. 0. 1.]
 [1. 0. 0. 1.]
 [1. 0. 0. 1.]
 [1. 0. 0. 1.]
 [1. 0. 0. 1.]]","[[1. 0. 0. 1.]
 [1. 0. 0. 1.]
 [1. 0. 0. 1.]
 [1. 0. 0. 1.]
 [1. 0. 0. 1.]
 [1. 0. 0. 1.]
 [1. 0. 0. 1.]
 [1. 0. 0. 1.]
 [1. 0. 0. 1.]
 [1. 0. 0. 1.]]","[[0 0]
 [1 0]
 [2 0]
 [3 0]
 [4 0]
 [5 0]
 [6 0]
 [7 0]
 [8 0]
 [9 0]]","[[-0.59931594]
 [-0.59931594]
 [-0.59931594]
 [-0.59931594]
 [-0.59931594]
 [-0.59931594]
 [-0.59931594]
 [-0.59931594]
 [-0.59931594]
 [-0.59931594]]","[[0.40473136]
 [0.40473136]
 [0.40473136]
 [0.40473136]
 [0.40473136]
 [0.40473136]
 [0.40473136]
 [0.40473136]
 [0.40473136]
 [0.40473136]]","[[0.49748865 0.4746252  0.26949364 0.6709866  0.9291345  0.
  0.05548038 0.09150258 0.32425627 0.         0.         0.22100052
  0.11820582 0.50899476 0.         0.         0.16688484 0.
  0.45905018 0.        ]
 [0.49748865 0.4746252  0.26949364 0.6709866  0.9291345  0.
  0.05548038 0.09150258 0.32425627 0.         0.         0.22100052
  0.11820582 0.50899476 0.         0.         0.16688484 0.
  0.45905018 0.        ]
 [0.49748865 0.4746252  0.26949364 0.6709866  0.9291345  0.
  0.05548038 0.09150258 0.32425627 0.         0.         0.22100052
  0.11820582 0.50899476 0.         0.         0.16688484 0.
  0.45905018 0.        ]
 [0.49748865 0.4746252  0.26949364 0.6709866  0.9291345  0.
  0.05548038 0.09150258 0.32425627 0.         0.         0.22100052
  0.11820582 0.50899476 0.         0.         0.16688484 0.
  0.45905018 0.        ]
 [0.49748865 0.4746252  0.26949364 0.6709866  0.9291345  0.
  0.05548038 0.09150258 0.32425627 0.         0.         0.22100052
  0.11820582 0.50899476 0.         0.         0.16688484 0.
  0.45905018 0.        ]
 [0.49748865 0.4746252  0.26949364 0.6709866  0.9291345  0.
  0.05548038 0.09150258 0.32425627 0.         0.         0.22100052
  0.11820582 0.50899476 0.         0.         0.16688484 0.
  0.45905018 0.        ]
 [0.49748865 0.4746252  0.26949364 0.6709866  0.9291345  0.
  0.05548038 0.09150258 0.32425627 0.         0.         0.22100052
  0.11820582 0.50899476 0.         0.         0.16688484 0.
  0.45905018 0.        ]
 [0.49748865 0.4746252  0.26949364 0.6709866  0.9291345  0.
  0.05548038 0.09150258 0.32425627 0.         0.         0.22100052
  0.11820582 0.50899476 0.         0.         0.16688484 0.
  0.45905018 0.        ]
 [0.49748865 0.4746252  0.26949364 0.6709866  0.9291345  0.
  0.05548038 0.09150258 0.32425627 0.         0.         0.22100052
  0.11820582 0.50899476 0.         0.         0.16688484 0.
  0.45905018 0.        ]
 [0.49748865 0.4746252  0.26949364 0.6709866  0.9291345  0.
  0.05548038 0.09150258 0.32425627 0.         0.         0.22100052
  0.11820582 0.50899476 0.         0.         0.16688484 0.
  0.45905018 0.        ]]","[[0.3856882  0.09456486 0.         0.5852721  0.4898613  0.
  0.         0.         0.25554314 0.         0.         0.24793814
  0.09996494 0.64635414 0.         0.         0.10127876 0.1870309
  0.68575895 0.3296017 ]
 [0.3856882  0.09456486 0.         0.5852721  0.4898613  0.
  0.         0.         0.25554314 0.         0.         0.24793814
  0.09996494 0.64635414 0.         0.         0.10127876 0.1870309
  0.68575895 0.3296017 ]
 [0.3856882  0.09456486 0.         0.5852721  0.4898613  0.
  0.         0.         0.25554314 0.         0.         0.24793814
  0.09996494 0.64635414 0.         0.         0.10127876 0.1870309
  0.68575895 0.3296017 ]
 [0.3856882  0.09456486 0.         0.5852721  0.4898613  0.
  0.         0.         0.25554314 0.         0.         0.24793814
  0.09996494 0.64635414 0.         0.         0.10127876 0.1870309
  0.68575895 0.3296017 ]
 [0.3856882  0.09456486 0.         0.5852721  0.4898613  0.
  0.         0.         0.25554314 0.         0.         0.24793814
  0.09996494 0.64635414 0.         0.         0.10127876 0.1870309
  0.68575895 0.3296017 ]
 [0.3856882  0.09456486 0.         0.5852721  0.4898613  0.
  0.         0.         0.25554314 0.         0.         0.24793814
  0.09996494 0.64635414 0.         0.         0.10127876 0.1870309
  0.68575895 0.3296017 ]
 [0.3856882  0.09456486 0.         0.5852721  0.4898613  0.
  0.         0.         0.25554314 0.         0.         0.24793814
  0.09996494 0.64635414 0.         0.         0.10127876 0.1870309
  0.68575895 0.3296017 ]
 [0.3856882  0.09456486 0.         0.5852721  0.4898613  0.
  0.         0.         0.25554314 0.         0.         0.24793814
  0.09996494 0.64635414 0.         0.         0.10127876 0.1870309
  0.68575895 0.3296017 ]
 [0.3856882  0.09456486 0.         0.5852721  0.4898613  0.
  0.         0.         0.25554314 0.         0.         0.24793814
  0.09996494 0.64635414 0.         0.         0.10127876 0.1870309
  0.68575895 0.3296017 ]
 [0.3856882  0.09456486 0.         0.5852721  0.4898613  0.
  0.         0.         0.25554314 0.         0.         0.24793814
  0.09996494 0.64635414 0.         0.         0.10127876 0.1870309
  0.68575895 0.3296017 ]]","[[ 0.40473136  0.2908053  -0.34479976 -0.337508  ]
 [ 0.40473136  0.2908053  -0.34479976 -0.337508  ]
 [ 0.40473136  0.2908053  -0.34479976 -0.337508  ]
 [ 0.40473136  0.2908053  -0.34479976 -0.337508  ]
 [ 0.40473136  0.2908053  -0.34479976 -0.337508  ]
 [ 0.40473136  0.2908053  -0.34479976 -0.337508  ]
 [ 0.40473136  0.2908053  -0.34479976 -0.337508  ]
 [ 0.40473136  0.2908053  -0.34479976 -0.337508  ]
 [ 0.40473136  0.2908053  -0.34479976 -0.337508  ]
 [ 0.40473136  0.2908053  -0.34479976 -0.337508  ]]","[[ 0.40473136  0.2908053  -0.34479976 -0.337508  ]
 [ 0.40473136  0.2908053  -0.34479976 -0.337508  ]
 [ 0.40473136  0.2908053  -0.34479976 -0.337508  ]
 [ 0.40473136  0.2908053  -0.34479976 -0.337508  ]
 [ 0.40473136  0.2908053  -0.34479976 -0.337508  ]
 [ 0.40473136  0.2908053  -0.34479976 -0.337508  ]
 [ 0.40473136  0.2908053  -0.34479976 -0.337508  ]
 [ 0.40473136  0.2908053  -0.34479976 -0.337508  ]
 [ 0.40473136  0.2908053  -0.34479976 -0.337508  ]
 [ 0.40473136  0.2908053  -0.34479976 -0.337508  ]]",1.0081108808517456
"[[1. 0. 0. 1.]
 [1. 0. 0. 1.]
 [1. 0. 0. 1.]
 [1. 0. 0. 1.]
 [1. 0. 0. 1.]
 [1. 0. 0. 1.]
 [1. 0. 0. 1.]
 [1. 0. 0. 1.]
 [1. 1. 0. 1.]
 [1. 1. 0. 1.]]","[[1. 0. 0. 1.]
 [1. 0. 0. 1.]
 [1. 0. 0. 1.]
 [1. 0. 0. 1.]
 [1. 0. 0. 1.]
 [1. 0. 0. 1.]
 [1. 0. 0. 1.]
 [1. 0. 0. 1.]
 [1. 0. 0. 1.]
 [1. 1. 0. 1.]]","[[0 0]
 [1 0]
 [2 0]
 [3 0]
 [4 0]
 [5 0]
 [6 0]
 [7 0]
 [8 1]
 [9 0]]","[[-0.61549485]
 [-0.61549485]
 [-0.61549485]
 [-0.61549485]
 [-0.61549485]
 [-0.61549485]
 [-0.61549485]
 [-0.61549485]
 [ 1.5595345 ]
 [-0.4404654 ]]","[[0.38838902]
 [0.38838902]
 [0.38838902]
 [0.38838902]
 [0.38838902]
 [0.38838902]
 [0.38838902]
 [0.38838902]
 [0.29030666]
 [0.56518644]]","[[0.49667525 0.4762968  0.26986754 0.6704537  0.92623717 0.
  0.05580177 0.09004518 0.32410473 0.         0.         0.22140487
  0.11696713 0.5094062  0.         0.         0.16589314 0.
  0.45951623 0.        ]
 [0.49667525 0.4762968  0.26986754 0.6704537  0.92623717 0.
  0.05580177 0.09004518 0.32410473 0.         0.         0.22140487
  0.11696713 0.5094062  0.         0.         0.16589314 0.
  0.45951623 0.        ]
 [0.49667525 0.4762968  0.26986754 0.6704537  0.92623717 0.
  0.05580177 0.09004518 0.32410473 0.         0.         0.22140487
  0.11696713 0.5094062  0.         0.         0.16589314 0.
  0.45951623 0.        ]
 [0.49667525 0.4762968  0.26986754 0.6704537  0.92623717 0.
  0.05580177 0.09004518 0.32410473 0.         0.         0.22140487
  0.11696713 0.5094062  0.         0.         0.16589314 0.
  0.45951623 0.        ]
 [0.49667525 0.4762968  0.26986754 0.6704537  0.92623717 0.
  0.05580177 0.09004518 0.32410473 0.         0.         0.22140487
  0.11696713 0.5094062  0.         0.         0.16589314 0.
  0.45951623 0.        ]
 [0.49667525 0.4762968  0.26986754 0.6704537  0.92623717 0.
  0.05580177 0.09004518 0.32410473 0.         0.         0.22140487
  0.11696713 0.5094062  0.         0.         0.16589314 0.
  0.45951623 0.        ]
 [0.49667525 0.4762968  0.26986754 0.6704537  0.92623717 0.
  0.05580177 0.09004518 0.32410473 0.         0.         0.22140487
  0.11696713 0.5094062  0.         0.         0.16589314 0.
  0.45951623 0.        ]
 [0.49667525 0.4762968  0.26986754 0.6704537  0.92623717 0.
  0.05580177 0.09004518 0.32410473 0.         0.         0.22140487
  0.11696713 0.5094062  0.         0.         0.16589314 0.
  0.45951623 0.        ]
 [0.49667525 0.4762968  0.26986754 0.6704537  0.92623717 0.
  0.05580177 0.09004518 0.32410473 0.         0.         0.22140487
  0.11696713 0.5094062  0.         0.         0.16589314 0.
  0.45951623 0.        ]
 [0.07141792 0.46173742 0.         0.787723   1.2860972  0.
  0.         0.         0.2363196  0.         0.         0.65876544
  0.0772156  0.6976013  0.         0.         0.         0.
  0.3241151  0.        ]]","[[0.3790945  0.09046308 0.         0.584484   0.49129742 0.
  0.         0.         0.2552122  0.         0.         0.24663001
  0.09573281 0.64689535 0.         0.         0.09694115 0.18515664
  0.68387985 0.32743397]
 [0.3790945  0.09046308 0.         0.584484   0.49129742 0.
  0.         0.         0.2552122  0.         0.         0.24663001
  0.09573281 0.64689535 0.         0.         0.09694115 0.18515664
  0.68387985 0.32743397]
 [0.3790945  0.09046308 0.         0.584484   0.49129742 0.
  0.         0.         0.2552122  0.         0.         0.24663001
  0.09573281 0.64689535 0.         0.         0.09694115 0.18515664
  0.68387985 0.32743397]
 [0.3790945  0.09046308 0.         0.584484   0.49129742 0.
  0.         0.         0.2552122  0.         0.         0.24663001
  0.09573281 0.64689535 0.         0.         0.09694115 0.18515664
  0.68387985 0.32743397]
 [0.3790945  0.09046308 0.         0.584484   0.49129742 0.
  0.         0.         0.2552122  0.         0.         0.24663001
  0.09573281 0.64689535 0.         0.         0.09694115 0.18515664
  0.68387985 0.32743397]
 [0.3790945  0.09046308 0.         0.584484   0.49129742 0.
  0.         0.         0.2552122  0.         0.         0.24663001
  0.09573281 0.64689535 0.         0.         0.09694115 0.18515664
  0.68387985 0.32743397]
 [0.3790945  0.09046308 0.         0.584484   0.49129742 0.
  0.         0.         0.2552122  0.         0.         0.24663001
  0.09573281 0.64689535 0.         0.         0.09694115 0.18515664
  0.68387985 0.32743397]
 [0.3790945  0.09046308 0.         0.584484   0.49129742 0.
  0.         0.         0.2552122  0.         0.         0.24663001
  0.09573281 0.64689535 0.         0.         0.09694115 0.18515664
  0.68387985 0.32743397]
 [0.3790945  0.09046308 0.         0.584484   0.49129742 0.
  0.         0.         0.2552122  0.         0.         0.24663001
  0.09573281 0.64689535 0.         0.         0.09694115 0.18515664
  0.68387985 0.32743397]
 [0.2911478  0.         0.         0.66685766 0.11692237 0.
  0.09979636 0.         0.2781107  0.         0.         0.14574347
  0.11972353 0.60697776 0.         0.         0.31618488 0.44473207
  0.87951005 0.23669128]]","[[ 0.38838902  0.29030666 -0.3445966  -0.33836374]
 [ 0.38838902  0.29030666 -0.3445966  -0.33836374]
 [ 0.38838902  0.29030666 -0.3445966  -0.33836374]
 [ 0.38838902  0.29030666 -0.3445966  -0.33836374]
 [ 0.38838902  0.29030666 -0.3445966  -0.33836374]
 [ 0.38838902  0.29030666 -0.3445966  -0.33836374]
 [ 0.38838902  0.29030666 -0.3445966  -0.33836374]
 [ 0.38838902  0.29030666 -0.3445966  -0.33836374]
 [ 0.38838902  0.29030666 -0.3445966  -0.33836374]
 [ 0.56518644  0.33738244 -0.7160634  -0.3258152 ]]","[[ 0.38838902  0.29030666 -0.3445966  -0.33836374]
 [ 0.38838902  0.29030666 -0.3445966  -0.33836374]
 [ 0.38838902  0.29030666 -0.3445966  -0.33836374]
 [ 0.38838902  0.29030666 -0.3445966  -0.33836374]
 [ 0.38838902  0.29030666 -0.3445966  -0.33836374]
 [ 0.38838902  0.29030666 -0.3445966  -0.33836374]
 [ 0.38838902  0.29030666 -0.3445966  -0.33836374]
 [ 0.38838902  0.29030666 -0.3445966  -0.33836374]
 [ 0.56518644  0.33738244 -0.7160634  -0.3258152 ]
 [ 0.56518644  0.33738244 -0.7160634  -0.3258152 ]]",1.0684537887573242
"[[1. 1. 0. 1.]
 [1. 1. 0. 1.]
 [1. 1. 0. 1.]
 [1. 1. 0. 1.]
 [1. 1. 0. 1.]
 [1. 1. 0. 1.]
 [1. 1. 0. 1.]
 [1. 1. 0. 1.]
 [1. 1. 0. 1.]
 [1. 1. 0. 1.]]","[[1. 1. 0. 1.]
 [1. 1. 0. 1.]
 [1. 1. 0. 1.]
 [1. 1. 0. 1.]
 [1. 1. 0. 1.]
 [1. 1. 0. 1.]
 [1. 1. 0. 1.]
 [1. 1. 0. 1.]
 [1. 1. 0. 1.]
 [1. 1. 0. 1.]]","[[0 0]
 [1 0]
 [2 0]
 [3 0]
 [4 0]
 [5 0]
 [6 0]
 [7 0]
 [8 0]
 [9 0]]","[[-0.45388156]
 [-0.45388156]
 [-0.45388156]
 [-0.45388156]
 [-0.45388156]
 [-0.45388156]
 [-0.45388156]
 [-0.45388156]
 [-0.45388156]
 [-0.45388156]]","[[0.5516348]
 [0.5516348]
 [0.5516348]
 [0.5516348]
 [0.5516348]
 [0.5516348]
 [0.5516348]
 [0.5516348]
 [0.5516348]
 [0.5516348]]","[[0.07074893 0.46325064 0.         0.7873091  1.2832572  0.
  0.         0.         0.23629335 0.         0.         0.6592128
  0.0764509  0.69820195 0.         0.         0.         0.
  0.32482797 0.        ]
 [0.07074893 0.46325064 0.         0.7873091  1.2832572  0.
  0.         0.         0.23629335 0.         0.         0.6592128
  0.0764509  0.69820195 0.         0.         0.         0.
  0.32482797 0.        ]
 [0.07074893 0.46325064 0.         0.7873091  1.2832572  0.
  0.         0.         0.23629335 0.         0.         0.6592128
  0.0764509  0.69820195 0.         0.         0.         0.
  0.32482797 0.        ]
 [0.07074893 0.46325064 0.         0.7873091  1.2832572  0.
  0.         0.         0.23629335 0.         0.         0.6592128
  0.0764509  0.69820195 0.         0.         0.         0.
  0.32482797 0.        ]
 [0.07074893 0.46325064 0.         0.7873091  1.2832572  0.
  0.         0.         0.23629335 0.         0.         0.6592128
  0.0764509  0.69820195 0.         0.         0.         0.
  0.32482797 0.        ]
 [0.07074893 0.46325064 0.         0.7873091  1.2832572  0.
  0.         0.         0.23629335 0.         0.         0.6592128
  0.0764509  0.69820195 0.         0.         0.         0.
  0.32482797 0.        ]
 [0.07074893 0.46325064 0.         0.7873091  1.2832572  0.
  0.         0.         0.23629335 0.         0.         0.6592128
  0.0764509  0.69820195 0.         0.         0.         0.
  0.32482797 0.        ]
 [0.07074893 0.46325064 0.         0.7873091  1.2832572  0.
  0.         0.         0.23629335 0.         0.         0.6592128
  0.0764509  0.69820195 0.         0.         0.         0.
  0.32482797 0.        ]
 [0.07074893 0.46325064 0.         0.7873091  1.2832572  0.
  0.         0.         0.23629335 0.         0.         0.6592128
  0.0764509  0.69820195 0.         0.         0.         0.
  0.32482797 0.        ]
 [0.07074893 0.46325064 0.         0.7873091  1.2832572  0.
  0.         0.         0.23629335 0.         0.         0.6592128
  0.0764509  0.69820195 0.         0.         0.         0.
  0.32482797 0.        ]]","[[0.2860071  0.         0.         0.66607344 0.11802727 0.
  0.09888669 0.         0.27829808 0.         0.         0.14430521
  0.11464065 0.6068499  0.         0.         0.3115977  0.44263744
  0.879057   0.23524529]
 [0.2860071  0.         0.         0.66607344 0.11802727 0.
  0.09888669 0.         0.27829808 0.         0.         0.14430521
  0.11464065 0.6068499  0.         0.         0.3115977  0.44263744
  0.879057   0.23524529]
 [0.2860071  0.         0.         0.66607344 0.11802727 0.
  0.09888669 0.         0.27829808 0.         0.         0.14430521
  0.11464065 0.6068499  0.         0.         0.3115977  0.44263744
  0.879057   0.23524529]
 [0.2860071  0.         0.         0.66607344 0.11802727 0.
  0.09888669 0.         0.27829808 0.         0.         0.14430521
  0.11464065 0.6068499  0.         0.         0.3115977  0.44263744
  0.879057   0.23524529]
 [0.2860071  0.         0.         0.66607344 0.11802727 0.
  0.09888669 0.         0.27829808 0.         0.         0.14430521
  0.11464065 0.6068499  0.         0.         0.3115977  0.44263744
  0.879057   0.23524529]
 [0.2860071  0.         0.         0.66607344 0.11802727 0.
  0.09888669 0.         0.27829808 0.         0.         0.14430521
  0.11464065 0.6068499  0.         0.         0.3115977  0.44263744
  0.879057   0.23524529]
 [0.2860071  0.         0.         0.66607344 0.11802727 0.
  0.09888669 0.         0.27829808 0.         0.         0.14430521
  0.11464065 0.6068499  0.         0.         0.3115977  0.44263744
  0.879057   0.23524529]
 [0.2860071  0.         0.         0.66607344 0.11802727 0.
  0.09888669 0.         0.27829808 0.         0.         0.14430521
  0.11464065 0.6068499  0.         0.         0.3115977  0.44263744
  0.879057   0.23524529]
 [0.2860071  0.         0.         0.66607344 0.11802727 0.
  0.09888669 0.         0.27829808 0.         0.         0.14430521
  0.11464065 0.6068499  0.         0.         0.3115977  0.44263744
  0.879057   0.23524529]
 [0.2860071  0.         0.         0.66607344 0.11802727 0.
  0.09888669 0.         0.27829808 0.         0.         0.14430521
  0.11464065 0.6068499  0.         0.         0.3115977  0.44263744
  0.879057   0.23524529]]","[[ 0.5516348   0.34070382 -0.7134522  -0.32529384]
 [ 0.5516348   0.34070382 -0.7134522  -0.32529384]
 [ 0.5516348   0.34070382 -0.7134522  -0.32529384]
 [ 0.5516348   0.34070382 -0.7134522  -0.32529384]
 [ 0.5516348   0.34070382 -0.7134522  -0.32529384]
 [ 0.5516348   0.34070382 -0.7134522  -0.32529384]
 [ 0.5516348   0.34070382 -0.7134522  -0.32529384]
 [ 0.5516348   0.34070382 -0.7134522  -0.32529384]
 [ 0.5516348   0.34070382 -0.7134522  -0.32529384]
 [ 0.5516348   0.34070382 -0.7134522  -0.32529384]]","[[ 0.5516348   0.34070382 -0.7134522  -0.32529384]
 [ 0.5516348   0.34070382 -0.7134522  -0.32529384]
 [ 0.5516348   0.34070382 -0.7134522  -0.32529384]
 [ 0.5516348   0.34070382 -0.7134522  -0.32529384]
 [ 0.5516348   0.34070382 -0.7134522  -0.32529384]
 [ 0.5516348   0.34070382 -0.7134522  -0.32529384]
 [ 0.5516348   0.34070382 -0.7134522  -0.32529384]
 [ 0.5516348   0.34070382 -0.7134522  -0.32529384]
 [ 0.5516348   0.34070382 -0.7134522  -0.32529384]
 [ 0.5516348   0.34070382 -0.7134522  -0.32529384]]",1.0110629796981812
"[[1. 1. 0. 1.]
 [1. 1. 0. 1.]
 [1. 1. 0. 1.]
 [1. 1. 0. 1.]
 [1. 1. 0. 1.]
 [1. 1. 0. 1.]
 [1. 1. 0. 1.]
 [1. 1. 0. 1.]
 [1. 1. 0. 1.]
 [1. 1. 0. 1.]]","[[1. 1. 0. 1.]
 [1. 1. 0. 1.]
 [1. 1. 0. 1.]
 [1. 1. 0. 1.]
 [1. 1. 0. 1.]
 [1. 1. 0. 1.]
 [1. 1. 0. 1.]
 [1. 1. 0. 1.]
 [1. 1. 0. 1.]
 [1. 1. 0. 1.]]","[[0 0]
 [1 0]
 [2 0]
 [3 0]
 [4 0]
 [5 0]
 [6 0]
 [7 0]
 [8 0]
 [9 0]]","[[-0.4733991]
 [-0.4733991]
 [-0.4733991]
 [-0.4733991]
 [-0.4733991]
 [-0.4733991]
 [-0.4733991]
 [-0.4733991]
 [-0.4733991]
 [-0.4733991]]","[[0.5319201]
 [0.5319201]
 [0.5319201]
 [0.5319201]
 [0.5319201]
 [0.5319201]
 [0.5319201]
 [0.5319201]
 [0.5319201]
 [0.5319201]]","[[0.06988003 0.46601507 0.         0.7877379  1.2784168  0.
  0.         0.         0.23655431 0.         0.         0.6583791
  0.0770397  0.69801754 0.         0.         0.         0.
  0.32674247 0.        ]
 [0.06988003 0.46601507 0.         0.7877379  1.2784168  0.
  0.         0.         0.23655431 0.         0.         0.6583791
  0.0770397  0.69801754 0.         0.         0.         0.
  0.32674247 0.        ]
 [0.06988003 0.46601507 0.         0.7877379  1.2784168  0.
  0.         0.         0.23655431 0.         0.         0.6583791
  0.0770397  0.69801754 0.         0.         0.         0.
  0.32674247 0.        ]
 [0.06988003 0.46601507 0.         0.7877379  1.2784168  0.
  0.         0.         0.23655431 0.         0.         0.6583791
  0.0770397  0.69801754 0.         0.         0.         0.
  0.32674247 0.        ]
 [0.06988003 0.46601507 0.         0.7877379  1.2784168  0.
  0.         0.         0.23655431 0.         0.         0.6583791
  0.0770397  0.69801754 0.         0.         0.         0.
  0.32674247 0.        ]
 [0.06988003 0.46601507 0.         0.7877379  1.2784168  0.
  0.         0.         0.23655431 0.         0.         0.6583791
  0.0770397  0.69801754 0.         0.         0.         0.
  0.32674247 0.        ]
 [0.06988003 0.46601507 0.         0.7877379  1.2784168  0.
  0.         0.         0.23655431 0.         0.         0.6583791
  0.0770397  0.69801754 0.         0.         0.         0.
  0.32674247 0.        ]
 [0.06988003 0.46601507 0.         0.7877379  1.2784168  0.
  0.         0.         0.23655431 0.         0.         0.6583791
  0.0770397  0.69801754 0.         0.         0.         0.
  0.32674247 0.        ]
 [0.06988003 0.46601507 0.         0.7877379  1.2784168  0.
  0.         0.         0.23655431 0.         0.         0.6583791
  0.0770397  0.69801754 0.         0.         0.         0.
  0.32674247 0.        ]
 [0.06988003 0.46601507 0.         0.7877379  1.2784168  0.
  0.         0.         0.23655431 0.         0.         0.6583791
  0.0770397  0.69801754 0.         0.         0.         0.
  0.32674247 0.        ]]","[[0.27854025 0.         0.         0.66517156 0.12156335 0.
  0.09317509 0.         0.27787223 0.         0.         0.1429796
  0.10917632 0.6079039  0.         0.         0.30484188 0.43891317
  0.8778432  0.23314883]
 [0.27854025 0.         0.         0.66517156 0.12156335 0.
  0.09317509 0.         0.27787223 0.         0.         0.1429796
  0.10917632 0.6079039  0.         0.         0.30484188 0.43891317
  0.8778432  0.23314883]
 [0.27854025 0.         0.         0.66517156 0.12156335 0.
  0.09317509 0.         0.27787223 0.         0.         0.1429796
  0.10917632 0.6079039  0.         0.         0.30484188 0.43891317
  0.8778432  0.23314883]
 [0.27854025 0.         0.         0.66517156 0.12156335 0.
  0.09317509 0.         0.27787223 0.         0.         0.1429796
  0.10917632 0.6079039  0.         0.         0.30484188 0.43891317
  0.8778432  0.23314883]
 [0.27854025 0.         0.         0.66517156 0.12156335 0.
  0.09317509 0.         0.27787223 0.         0.         0.1429796
  0.10917632 0.6079039  0.         0.         0.30484188 0.43891317
  0.8778432  0.23314883]
 [0.27854025 0.         0.         0.66517156 0.12156335 0.
  0.09317509 0.         0.27787223 0.         0.         0.1429796
  0.10917632 0.6079039  0.         0.         0.30484188 0.43891317
  0.8778432  0.23314883]
 [0.27854025 0.         0.         0.66517156 0.12156335 0.
  0.09317509 0.         0.27787223 0.         0.         0.1429796
  0.10917632 0.6079039  0.         0.         0.30484188 0.43891317
  0.8778432  0.23314883]
 [0.27854025 0.         0.         0.66517156 0.12156335 0.
  0.09317509 0.         0.27787223 0.         0.         0.1429796
  0.10917632 0.6079039  0.         0.         0.30484188 0.43891317
  0.8778432  0.23314883]
 [0.27854025 0.         0.         0.66517156 0.12156335 0.
  0.09317509 0.         0.27787223 0.         0.         0.1429796
  0.10917632 0.6079039  0.         0.         0.30484188 0.43891317
  0.8778432  0.23314883]
 [0.27854025 0.         0.         0.66517156 0.12156335 0.
  0.09317509 0.         0.27787223 0.         0.         0.1429796
  0.10917632 0.6079039  0.         0.         0.30484188 0.43891317
  0.8778432  0.23314883]]","[[ 0.5319201   0.34455168 -0.7091005  -0.32342112]
 [ 0.5319201   0.34455168 -0.7091005  -0.32342112]
 [ 0.5319201   0.34455168 -0.7091005  -0.32342112]
 [ 0.5319201   0.34455168 -0.7091005  -0.32342112]
 [ 0.5319201   0.34455168 -0.7091005  -0.32342112]
 [ 0.5319201   0.34455168 -0.7091005  -0.32342112]
 [ 0.5319201   0.34455168 -0.7091005  -0.32342112]
 [ 0.5319201   0.34455168 -0.7091005  -0.32342112]
 [ 0.5319201   0.34455168 -0.7091005  -0.32342112]
 [ 0.5319201   0.34455168 -0.7091005  -0.32342112]]","[[ 0.5319201   0.34455168 -0.7091005  -0.32342112]
 [ 0.5319201   0.34455168 -0.7091005  -0.32342112]
 [ 0.5319201   0.34455168 -0.7091005  -0.32342112]
 [ 0.5319201   0.34455168 -0.7091005  -0.32342112]
 [ 0.5319201   0.34455168 -0.7091005  -0.32342112]
 [ 0.5319201   0.34455168 -0.7091005  -0.32342112]
 [ 0.5319201   0.34455168 -0.7091005  -0.32342112]
 [ 0.5319201   0.34455168 -0.7091005  -0.32342112]
 [ 0.5319201   0.34455168 -0.7091005  -0.32342112]
 [ 0.5319201   0.34455168 -0.7091005  -0.32342112]]",1.0106664896011353
